chrom,start,end,TE_name,gene_name,gene_ID,frequency_Gabon
AaegL5_1,135807258,135807956,rnd_5_family_5020_Unknown,CYP4G36,AAEL004054;Name=CYP4G36,0.6153846153846154
AaegL5_1,286419545,286420010,rnd_1_family_696_Unknown,GSTZ1,AAEL011934;Name=GSTZ1,0.5384615384615384
AaegL5_2,213480419,213480926,rnd_1_family_615_DNA_Kolobok_Hydra,GSTO1,AAEL017085;Name=GSTO1,0.6153846153846154
AaegL5_2,213996328,213996636,rnd_3_family_141_LINE_Jockey,CCEAE1B,AAEL002367;Name=CCEAE1B,0.5384615384615384
AaegL5_2,215071684,215071915,rnd_5_family_1951_DNA_Sola,CYP49A1,AAEL008638;Name=CYP49A1,0.5384615384615384
AaegL5_3,74307360,74308100,rnd_1_family_34_SINE_tRNA,CYP325Q1,AAEL006044;Name=CYP325Q1,0.6153846153846154
AaegL5_3,301899514,301899901,rnd_1_family_1017_LINE_CR1,NVY,AAEL014203,0.6153846153846154
