chrom,start,end,TE_name,gene_name,gene_ID,frequency_Brazil
AaegL5_1,286419545,286420010,rnd_1_family_696_Unknown,GSTZ1,AAEL011934;Name=GSTZ1,0.5555555555555556
AaegL5_2,109597156,109597519,rnd_3_family_619_DNA_Sola,CYP301A1,AAEL014594;Name=CYP301A1,0.5555555555555556
AaegL5_3,301596230,301596803,rnd_1_family_844_Unknown,NVY,AAEL014203,0.5555555555555556
AaegL5_3,301607534,301608143,rnd_1_family_551_LINE_I,NVY,AAEL014203,0.5555555555555556
AaegL5_3,316029186,316029435,rnd_1_family_350_DNA_CMC_EnSpm,VGSC,AAEL023266,0.5555555555555556
AaegL5_3,316029186,316029435,rnd_1_family_350_DNA_CMC_EnSpm,,AAEL023266,0.5555555555555556
AaegL5_3,316107360,316107635,rnd_1_family_161_DNA_Sola,VGSC,AAEL023266,0.6111111111111112
AaegL5_3,316107360,316107635,rnd_1_family_161_DNA_Sola,,AAEL023266,0.6111111111111112
AaegL5_3,316171019,316171450,rnd_5_family_2931_LINE_R1,VGSC,AAEL023266,0.5555555555555556
AaegL5_3,316171019,316171450,rnd_5_family_2931_LINE_R1,,AAEL023266,0.5555555555555556
AaegL5_3,316213891,316214837,rnd_1_family_625_Unknown,VGSC,AAEL023266,0.5555555555555556
AaegL5_3,316213891,316214837,rnd_1_family_625_Unknown,,AAEL023266,0.5555555555555556
