chrom,start,end,TE_name,gene_name,gene_ID,frequency_USA
AaegL5_3,74307360,74308100,rnd_1_family_34_SINE_tRNA,CYP325Q1,AAEL006044;Name=CYP325Q1,0.6785714285714286
AaegL5_3,316173621,316174403,rnd_1_family_102_DNA_CMC_Chapaev,VGSC,AAEL023266,0.6071428571428571
AaegL5_3,316173621,316174403,rnd_1_family_102_DNA_CMC_Chapaev,,AAEL023266,0.6071428571428571
AaegL5_3,316267352,316267885,rnd_1_family_791_LTR_Copia,VGSC,AAEL023266,0.5357142857142857
AaegL5_3,316267352,316267885,rnd_1_family_791_LTR_Copia,,AAEL023266,0.5357142857142857
