TEs,AaegL5_2_41847790_A301S_encoding_1,AaegL5_2_41847790_A301S_encoding_2
AaegL5_2_41725574_41726326_rnd_5_family_3694_DNA_CMC_Chapaev-,0.25,0.11636363636363638
AaegL5_2_41847790_A301S_encoding_1,1.0,0.18181818181818177
AaegL5_2_41847790_A301S_encoding_2,0.18181818181818177,1.0
