TEs,AaegL5_2_41847790_A301S_encoding_1,AaegL5_2_41847790_A301S_encoding_2
AaegL5_2_41823703_41825439_rnd_5_family_921_LINE_R1.,0.06399999999999997,0.352
AaegL5_2_41825280_41825621_rnd_1_family_609_DNA_TcMar.,0.22857142857142856,0.18766233766233764
AaegL5_2_41847790_A301S_encoding_1,1.0,0.18181818181818177
AaegL5_2_41847790_A301S_encoding_2,0.18181818181818177,1.0
