Country,Chi-square statistic,p-value
Kenya,91.55724536639032,1.3140042792100263e-20
Senegal,107.16533835982236,5.362193100529532e-24
Gabon,46.52460595004966,7.8942373814303e-11
Colombia,160.03260236894644,1.7756686750384704e-35
Brazil,127.71214375082863,1.8520825865864374e-28
USA,151.0622048652673,1.5749218250704743e-33
