Country,Chi-square statistic,p-value
Senegal,3333.6089302009655,0.0
Gabon,8477.23423300506,0.0
Colombia,2656.8215876561612,0.0
Kenya,589.6161905667362,9.25701565155181e-129
USA,28039.788903267396,0.0
Brazil,586.360657542361,4.714124109673556e-128
