TE_information,count_1/1_Colombia,frequency_Colombia,count_1/1_Senegal,frequency_Senegal,frequency_diff
AaegL5_1_301236516_301236900_rnd_1_family_844_Unknown_.,23,0.9583333333333334,0,0.0,0.9583333333333334
AaegL5_1_271576927_271578244_rnd_1_family_34_SINE_tRNA_.,23,0.9583333333333334,0,0.0,0.9583333333333334
AaegL5_1_269487483_269487738_rnd_1_family_677_DNA_TcMar_Tc1_.,22,0.9166666666666666,0,0.0,0.9166666666666666
AaegL5_1_271462368_271462786_rnd_1_family_737_Unknown_.,22,0.9166666666666666,0,0.0,0.9166666666666666
AaegL5_1_286419545_286420010_rnd_1_family_696_Unknown_.,0,0.0,18,0.9,0.9
AaegL5_1_298994431_298994871_rnd_1_family_849_DNA_.,21,0.875,0,0.0,0.875
AaegL5_1_263965081_263965311_rnd_1_family_107_Unknown_.,21,0.875,0,0.0,0.875
AaegL5_3_300839492_300839843_rnd_1_family_34_SINE_tRNA_.,21,0.875,0,0.0,0.875
AaegL5_3_342935849_342937261_rnd_6_family_1738_Unknown_.,20,0.8333333333333334,0,0.0,0.8333333333333334
AaegL5_1_38716524_38716796_rnd_1_family_272_DNA_CMC_EnSpm_.,20,0.8333333333333334,0,0.0,0.8333333333333334
