TE_information,count_1/1_Senegal,frequency_Senegal,count_1/1_Brazil,frequency_Brazil,frequency_diff
AaegL5_2_351471388_351471874_rnd_1_family_696_Unknown_.,0,0.0,18,1.0,1.0
AaegL5_2_351287507_351287949_rnd_1_family_712_Unknown_.,0,0.0,16,0.8888888888888888,0.8888888888888888
AaegL5_3_315447038_315447417_rnd_1_family_147_Unknown_.,0,0.0,16,0.8888888888888888,0.8888888888888888
AaegL5_2_351232666_351233040_rnd_1_family_1616_Unknown_.,0,0.0,16,0.8888888888888888,0.8888888888888888
AaegL5_1_198259232_198259684_rnd_1_family_234_DNA_Sola_.,17,0.85,0,0.0,0.85
AaegL5_2_444454229_444454896_rnd_1_family_430_Unknown_.,1,0.05,16,0.8888888888888888,0.8388888888888888
AaegL5_2_112346697_112348173_rnd_1_family_30_DNA_.,0,0.0,15,0.8333333333333334,0.8333333333333334
AaegL5_3_315667899_315668297_rnd_4_family_879_Unknown_.,0,0.0,15,0.8333333333333334,0.8333333333333334
AaegL5_2_351248110_351248584_rnd_1_family_504_Unknown_.,0,0.0,15,0.8333333333333334,0.8333333333333334
AaegL5_2_291381581_291381823_rnd_5_family_3023_DNA_hAT_Ac_.,16,0.8,0,0.0,0.8
