TE_information,count_1/1_USA,frequency_USA,count_1/1_Brazil,frequency_Brazil,frequency_diff
AaegL5_3_315143350_315143739_rnd_1_family_677_DNA_TcMar_Tc1_.,2,0.07142857142857142,17,0.9444444444444444,0.873015873015873
AaegL5_1_16730275_16730670_rnd_1_family_500_LTR_Gypsy_.,0,0.0,15,0.8333333333333334,0.8333333333333334
AaegL5_1_105195379_105196306_rnd_1_family_322_Unknown_.,0,0.0,15,0.8333333333333334,0.8333333333333334
AaegL5_1_32642711_32643249_rnd_1_family_212_DNA_.,0,0.0,15,0.8333333333333334,0.8333333333333334
AaegL5_1_109148444_109149203_rnd_3_family_308_DNA_.,0,0.0,15,0.8333333333333334,0.8333333333333334
AaegL5_1_63823376_63823848_rnd_1_family_34_SINE_tRNA_.,0,0.0,14,0.7777777777777778,0.7777777777777778
AaegL5_1_242700205_242700753_rnd_5_family_714_Unknown_.,0,0.0,14,0.7777777777777778,0.7777777777777778
AaegL5_1_193655478_193655852_rnd_1_family_522_DNA_Zator_.,0,0.0,14,0.7777777777777778,0.7777777777777778
AaegL5_1_306655642_306656012_rnd_1_family_378_LINE_RTE_BovB_.,0,0.0,14,0.7777777777777778,0.7777777777777778
AaegL5_1_54261240_54261498_rnd_1_family_1067_LINE_RTE_.,0,0.0,14,0.7777777777777778,0.7777777777777778
