TE_information,count_1/1_Kenya,frequency_Kenya,count_1/1_Brazil,frequency_Brazil,frequency_diff
AaegL5_2_351088912_351089311_rnd_6_family_287_LINE_I_.,0,0.0,18,1.0,1.0
AaegL5_2_351471388_351471874_rnd_1_family_696_Unknown_.,0,0.0,18,1.0,1.0
AaegL5_2_343130107_343131064_rnd_1_family_369_DNA_CMC_Transib_.,18,0.9473684210526315,0,0.0,0.9473684210526315
AaegL5_3_315143350_315143739_rnd_1_family_677_DNA_TcMar_Tc1_.,0,0.0,17,0.9444444444444444,0.9444444444444444
AaegL5_2_187416907_187417196_rnd_1_family_448_Unknown_.,0,0.0,17,0.9444444444444444,0.9444444444444444
AaegL5_1_177727147_177728821_rnd_1_family_1092_DNA_.,17,0.8947368421052632,0,0.0,0.8947368421052632
AaegL5_2_351232666_351233040_rnd_1_family_1616_Unknown_.,0,0.0,16,0.8888888888888888,0.8888888888888888
AaegL5_2_444454229_444454896_rnd_1_family_430_Unknown_.,0,0.0,16,0.8888888888888888,0.8888888888888888
AaegL5_3_6468542_6468708_rnd_1_family_242_DNA_Sola_.,0,0.0,16,0.8888888888888888,0.8888888888888888
AaegL5_2_351287507_351287949_rnd_1_family_712_Unknown_.,0,0.0,16,0.8888888888888888,0.8888888888888888
