TE_information,count_1/1_USA,frequency_USA,count_1/1_Colombia,frequency_Colombia,frequency_diff
AaegL5_1_301236516_301236900_rnd_1_family_844_Unknown_.,0,0.0,23,0.9583333333333334,0.9583333333333334
AaegL5_1_52341122_52341376_rnd_1_family_48_Unknown_.,0,0.0,23,0.9583333333333334,0.9583333333333334
AaegL5_1_271576927_271578244_rnd_1_family_34_SINE_tRNA_.,0,0.0,23,0.9583333333333334,0.9583333333333334
AaegL5_1_108054851_108055215_rnd_1_family_133_DNA_TcMar_.,0,0.0,22,0.9166666666666666,0.9166666666666666
AaegL5_1_301153327_301153942_rnd_3_family_12_Unknown_.,0,0.0,22,0.9166666666666666,0.9166666666666666
AaegL5_1_269487483_269487738_rnd_1_family_677_DNA_TcMar_Tc1_.,0,0.0,22,0.9166666666666666,0.9166666666666666
AaegL5_1_250659911_250660170_rnd_1_family_158_DNA_Zator_.,0,0.0,22,0.9166666666666666,0.9166666666666666
AaegL5_1_268073580_268073876_rnd_1_family_149_DNA_hAT_Tip100_.,0,0.0,22,0.9166666666666666,0.9166666666666666
AaegL5_1_116924932_116925416_rnd_1_family_771_Unknown_.,0,0.0,22,0.9166666666666666,0.9166666666666666
AaegL5_1_123399422_123399704_rnd_1_family_1128_Unknown_.,0,0.0,22,0.9166666666666666,0.9166666666666666
