TE_information,count_1/1_Colombia,frequency_Colombia,count_1/1_Brazil,frequency_Brazil,frequency_diff
AaegL5_2_351471388_351471874_rnd_1_family_696_Unknown_.,0,0.0,18,1.0,1.0
AaegL5_2_74192991_74193346_rnd_1_family_48_Unknown_.,22,0.9166666666666666,0,0.0,0.9166666666666666
AaegL5_2_351232666_351233040_rnd_1_family_1616_Unknown_.,0,0.0,16,0.8888888888888888,0.8888888888888888
AaegL5_2_351287507_351287949_rnd_1_family_712_Unknown_.,0,0.0,16,0.8888888888888888,0.8888888888888888
AaegL5_1_298994431_298994871_rnd_1_family_849_DNA_.,21,0.875,0,0.0,0.875
AaegL5_3_89475382_89475723_rnd_1_family_117_Unknown_.,21,0.875,0,0.0,0.875
AaegL5_1_271462368_271462786_rnd_1_family_737_Unknown_.,22,0.9166666666666666,1,0.05555555555555555,0.861111111111111
AaegL5_3_104590957_104591170_rnd_1_family_1024_LTR_Gypsy_.,23,0.9583333333333334,2,0.1111111111111111,0.8472222222222223
AaegL5_2_345201699_345202095_rnd_1_family_411_Unknown_.,0,0.0,15,0.8333333333333334,0.8333333333333334
AaegL5_3_105003902_105004450_rnd_1_family_738_Unknown_.,20,0.8333333333333334,0,0.0,0.8333333333333334
