TE_information,count_1/1_USA,frequency_USA,count_1/1_Senegal,frequency_Senegal,frequency_diff
AaegL5_1_294719346_294719657_rnd_4_family_964_LTR_Copia_.,0,0.0,18,0.9,0.9
AaegL5_1_271402372_271402953_rnd_1_family_337_DNA_Sola_.,0,0.0,18,0.9,0.9
AaegL5_3_111341459_111342199_rnd_1_family_1235_LTR_Pao_.,2,0.07142857142857142,19,0.95,0.8785714285714286
AaegL5_2_424119473_424120280_rnd_1_family_235_DNA_Sola_.,24,0.8571428571428571,0,0.0,0.8571428571428571
AaegL5_3_104447316_104447534_rnd_1_family_688_LINE_CR1_.,1,0.03571428571428571,17,0.85,0.8142857142857143
AaegL5_3_111341427_111342432_rnd_1_family_212_DNA_.,4,0.14285714285714285,19,0.95,0.8071428571428572
AaegL5_1_271388321_271388469_rnd_1_family_226_DNA_hAT_Ac_.,0,0.0,16,0.8,0.8
AaegL5_2_166963461_166963841_rnd_1_family_813_Unknown_.,2,0.07142857142857142,17,0.85,0.7785714285714286
AaegL5_1_156333257_156334246_rnd_1_family_95_Unknown_.,4,0.14285714285714285,18,0.9,0.7571428571428571
AaegL5_1_284608079_284608496_rnd_1_family_29_DNA_.,0,0.0,15,0.75,0.75
